<?xml version="1.0" encoding="UTF-8"?>
<project-private xmlns="http://www.netbeans.org/ns/project-private/1">
    <editor-bookmarks xmlns="http://www.netbeans.org/ns/editor-bookmarks/2" lastBookmarkId="0"/>
    <open-files xmlns="http://www.netbeans.org/ns/projectui-open-files/2">
        <group>
            <file>file:/C:/Users/mamãe/Documents/eadtime4/desktop/src/br/iesb/meuprograma/apresentacao/CadastroAta.java</file>
            <file>file:/C:/Users/mamãe/Documents/eadtime4/desktop/src/br/iesb/meuprograma/apresentacao/VisualizarAta.java</file>
            <file>file:/C:/Users/mamãe/Documents/eadtime4/desktop/src/br/iesb/meuprograma/dados/CadDisc.java</file>
            <file>file:/C:/Users/mamãe/Documents/eadtime4/desktop/src/br/iesb/meuprograma/apresentacao/VisualizarPPC.java</file>
            <file>file:/C:/Users/mamãe/Documents/eadtime4/desktop/src/br/iesb/meuprograma/dados/Atas.java</file>
            <file>file:/C:/Users/mamãe/Documents/eadtime4/desktop/src/br/iesb/meuprograma/apresentacao/CadastroBiblio.java</file>
        </group>
    </open-files>
</project-private>
